post_id,category,note
1168834171933140,testimonial,
1192508222899068,product_showcase,
1190715059745051,testimonial,
1189879309828626,product_showcase,
1189042296578994,product_showcase,
1188977819918775,product_showcase,
1188145596668664,product_showcase,
1188055640010993,unclear,store announcement
1187503183399572,product_showcase,
1187341833415707,product_showcase,
1186622053487685,product_showcase,
1186455616837662,product_showcase,
1185918870224670,product_showcase,
1185563300260227,product_showcase,
1185090406974183,product_showcase,
1184952953654595,product_showcase,
1184063137076910,product_showcase,
1183884443761446,unclear,bare emoji
1183190437164180,product_showcase,
1183086920507865,promotional_offer,
1182958737187350,product_showcase,
1182485540568003,product_showcase,
1182341897249034,product_showcase,
1182119700604587,product_showcase,
1178866417596582,testimonial,
1178101984339692,product_showcase,
1178045487678675,testimonial,
1177386214411269,product_showcase,
1176698834480007,product_showcase,
1176565401160017,product_showcase,
1176557267827497,product_showcase,
1175756224574268,product_showcase,
1175752407907983,testimonial,
1174914171325140,product_showcase,
1174911201325437,testimonial,
1174234438059780,testimonial,
1174130591403498,product_showcase,
1173604571456100,product_showcase,
1173278998155324,testimonial,
1172666088216615,product_showcase,
1172535628229661,promotional_offer,
1172509058232318,testimonial,
1171980594951831,product_showcase,
1171860068297217,product_showcase,
1171856711630886,testimonial,
1171104225039468,product_showcase,
1171101005039790,testimonial,
1170452578437966,product_showcase,
1170300058453218,testimonial,
1169636221852935,product_showcase,
1169572828525941,product_showcase,
1168945248588699,product_showcase,
1167917848691439,product_showcase,
1167150692101488,product_showcase,
1166585345491356,entertainment,Rule 4
1165771252239432,testimonial,
1164997688983455,testimonial,
1164256579057566,product_showcase,
1163388009144423,testimonial,
1160823646067526,product_showcase,
1160115492805008,product_showcase,
1159977542818803,testimonial,
1159254506224440,product_showcase,
1158533912963166,product_showcase,
1157674446382446,product_showcase,
1157564366393454,testimonial,
1154401640043060,product_showcase,
1154356133380944,testimonial,
1153653996784491,product_showcase,
1153456963470861,testimonial,
1152732216876669,product_showcase,
1151998363616721,promotional_offer,
1151920496957841,product_showcase,
1151856600297564,promotional_offer,
1151841726965718,product_showcase,
1150125677137323,product_showcase,
1149526623863895,product_showcase,
1149359147213976,testimonial,
1148717527278138,testimonial,
1148682687281622,promotional_offer,
1148597307290160,testimonial,
1147807227369168,testimonial,
1147051864111371,product_showcase,
1145399880943236,testimonial,
1144657814350776,product_showcase,
1144620944354463,testimonial,
1143992261083998,product_showcase,
1142974524519105,product_showcase,
1219591413524082,product_showcase,
1219515010198389,product_showcase,
1218825386934018,product_showcase,
1218720250277865,product_showcase,
1218666400283250,testimonial,
1217968050353085,product_showcase,
1217918433691380,testimonial,
1217309447085612,product_showcase,
1216514657165091,testimonial,Rule 2
1216410227175534,testimonial,Rule 2
1215551980594692,promotional_offer,
1214808560669034,testimonial,
1214704734012750,product_showcase,
1213830027433554,product_showcase,
1213768400773050,testimonial,
1213035010846389,product_showcase,
1212929304190293,product_showcase,
1212843874198836,testimonial,
1212795134203710,promotional_offer,
1212733830876507,entertainment,
1212267404256483,entertainment,
1212159540933936,testimonial,
1212046810945209,testimonial,
1211988694284354,promotional_offer,
1211387877677769,product_showcase,
1211229537693603,testimonial,
1211164517700105,promotional_offer,
1209773441172546,entertainment,
1208730927943464,product_showcase,
1207929281356962,product_showcase,
1207843591365531,testimonial,
1207840038032553,product_showcase,
1205287338287823,product_showcase,
1204495055033718,testimonial,
1203838338432723,entertainment,
1203624918454065,product_showcase,
1203572058459351,testimonial,
1202838145199409,product_showcase,
1202746635208560,product_showcase,
1202684461881444,testimonial,
1201763368640220,testimonial,
1200856145397609,product_showcase,
1200755325407691,product_showcase,
1199856442164246,product_showcase,
1199817472168143,product_showcase,
1199760435507180,product_showcase,
1198978612252029,product_showcase,
1198118249004732,product_showcase,
1197976795685544,product_showcase,
1197870012362889,product_showcase,
1197063945776829,product_showcase,
1196952849121272,product_showcase,
1196325639183993,product_showcase,
1196172972532593,product_showcase,
1195439259272631,product_showcase,
1195289015954322,product_showcase,
1195181999298357,product_showcase,
1195056362644254,product_showcase,
1194559876027236,product_showcase,
1194303779386179,product_showcase,
1193480832801807,product_showcase,
1193372142812676,product_showcase,
1416434237173131,promotional_offer,
1417070430442845,product_showcase,
1419720480177840,product_showcase,
1420839620065926,entertainment,
1422214166595138,product_showcase,
1422368296579725,product_showcase,
1423290013154220,testimonial,
1423917539758134,testimonial,
1425000832983138,testimonial,
1425502509599637,entertainment,
1425627012920520,testimonial,
1426414006175154,product_showcase,
1427101452773076,unclear,empty caption
1427307312752490,product_showcase,
1428091949340693,testimonial,
1428195505997004,product_showcase,
1428862999263588,testimonial,
1428954189254469,unclear,store announcement
1429606242522597,testimonial,
1429765559173332,product_showcase,
1430249879124900,product_showcase,
1430588699091018,product_showcase,
1431120709037817,testimonial,
1432086932274528,testimonial,Rule 2
1432906805525874,entertainment,Rule 4
1433640675452487,testimonial,
1433810238768864,product_showcase,
1434519902031231,testimonial,
1435333448616543,testimonial,
1436835908466297,testimonial,
1437612171722004,testimonial,
1438678274948727,testimonial,Rule 2
1438793414937213,product_showcase,
1439449481538273,testimonial,
1439591281524093,product_showcase,
1440342761448945,testimonial,
1440488374767717,product_showcase,
1416364590513429,testimonial,
1413681087448446,testimonial,
1413032350846653,testimonial,
1412931797523375,testimonial,
1412839340865954,product_showcase,
1411892660960622,testimonial,
1411327657683789,entertainment,
1411292331020655,product_showcase,
1411155464367675,testimonial,Rule 2
1410611964422025,entertainment,
1410526874430534,unclear,placeholder title
1410458331104055,testimonial,
1410289607787594,testimonial,
1409580194525202,testimonial,
1409426331207255,testimonial,
1408906847925870,unclear,placeholder title
1408870157929539,promotional_offer,
1408588434624378,testimonial,
1407745551375333,testimonial,
1406910128125542,promotional_offer,
1405167611633127,product_showcase,
1404645728351982,entertainment,
1404346838381871,testimonial,
1403818335101388,product_showcase,
1403770265106195,product_showcase,
1403671631782725,testimonial,
1403654955117726,promotional_offer,Rule 1
1403502448466310,product_showcase,
1402924241857464,product_showcase,
1401245172025371,product_showcase,
1400894248727130,product_showcase,
1400854022064486,promotional_offer,
1400348778781677,entertainment,Rule 4
1399982212151667,unclear,placeholder title
1399493818867173,product_showcase,
1399196035563618,product_showcase,
1398629828953572,product_showcase,
1396777929138762,testimonial,
1395749495908272,product_showcase,
1395200622629826,product_showcase,
1394860862663802,product_showcase,
1394366539379901,testimonial,
1393454469471108,product_showcase,
1392585999557955,product_showcase,
1391528289663726,testimonial,
1390606406422581,product_showcase,
1390493489767206,product_showcase,
1362248909258331,product_showcase,
1360322152784340,unclear,placeholder title
1359618532854702,testimonial,
1358997329583489,entertainment,
1358911819592040,product_showcase,
1358053319677890,entertainment,
1357311296418759,product_showcase,
1357184879764734,product_showcase,
1356476979835524,promotional_offer,Rule 1
1356356519847570,entertainment,
1355607626589126,product_showcase,
1355547799928442,product_showcase,
1354070553409500,product_showcase,
1352509170232305,product_showcase,
1352398823576673,product_showcase,
1352298050253417,testimonial,
1351610023655553,product_showcase,
1351508840332338,testimonial,
1350829597066929,product_showcase,
1350759370407285,entertainment,
1350560767093812,promotional_offer,
1350545390428683,unclear,store announcement
1349927093823846,product_showcase,
1346836214132934,entertainment,Rule 4
1346718950811327,testimonial,
1346594304157125,entertainment,Rule 4
1346182517531637,product_showcase,
1346065047543384,product_showcase,
1345946480888574,product_showcase,
1345306664285889,testimonial,
1345078244308731,promotional_offer,
1343780507771838,product_showcase,
1343021194514436,product_showcase,
1342903657859523,entertainment,Rule 4
1341453201337902,entertainment,
1338845681598654,entertainment,
1338234978326391,product_showcase,
1337279821755240,testimonial,
1335888438561045,product_showcase,
1335769188572970,promotional_offer,
1335033898646499,product_showcase,
1334902295326326,product_showcase,
1334765412006681,entertainment,
1333003982182824,entertainment,
1332102135606342,entertainment,
1331572935659262,product_showcase,
1331454025671153,entertainment,
1331331365683419,unclear,store announcement
1330730632410159,product_showcase,
1330608282422394,product_showcase,
1328954135921142,product_showcase,
1328824802600742,entertainment,Rule 4
1328689345947621,entertainment,Rule 4
1327937396022816,product_showcase,
1327808739369015,entertainment,
1326487262834496,product_showcase,
1326269409522948,product_showcase,
1325582582924964,entertainment,
1324792469670642,product_showcase,
1324710163012206,entertainment,
1324651716351384,entertainment,
1323963873086835,entertainment,Rule 4
1323777919772097,unclear,bare emoji
1323344009815488,product_showcase,
1323246173158605,product_showcase,
1323082336508322,product_showcase,
1322308459919043,entertainment,
1321772326639323,product_showcase,
1321431616673394,entertainment,
1321019533381269,product_showcase,
1320919080057981,product_showcase,
1320286840121205,testimonial,Rule 2
1320198683463354,testimonial,
1320074686809087,testimonial,
1319961840153705,entertainment,Rule 4
1319427240207165,product_showcase,
1318799780269911,product_showcase,
1318449406971615,entertainment,Rule 4
1318034010346488,product_showcase,
1317924260357463,entertainment,
1317704670379422,entertainment,Rule 4
1317305213752701,product_showcase,
1317217463761476,product_showcase,
1316581340491755,product_showcase,
1316467550503134,testimonial,
1316352653847957,entertainment,Rule 4
1316234477193108,unclear,text ambiguous
1315498243933398,product_showcase,
1314839847332571,product_showcase,
1363093025840586,promotional_offer,
1363690115780877,promotional_offer,
1364460465703842,entertainment,
1364721289011093,product_showcase,
1366124202204135,entertainment,
1368468205303068,product_showcase,
1368830015266887,product_showcase,
1369693138513908,product_showcase,
1370419755107913,product_showcase,
1372882621528293,testimonial,
1374507154699173,entertainment,
1376225001194055,product_showcase,
1376913571125198,promotional_offer,
1376930644456824,entertainment,
1378014094348479,testimonial,
1378692204280668,testimonial,
1379551264194762,testimonial,Rule 2
1386270560189499,product_showcase,
1387944466688775,testimonial,
1362964195853469,entertainment,
1265140905635799,testimonial,
1264674472349109,product_showcase,
1264498682366688,unclear,store announcement
1263975032419053,product_showcase,
1262603752556181,product_showcase,
1262549292561627,entertainment,
1261283762688180,product_showcase,
1261222629360960,testimonial,
1260512959431927,product_showcase,
1260313076118582,testimonial,Rule 2
1259843226165567,product_showcase,
1258344172982139,unclear,empty caption
1257646939718529,product_showcase,
1257580589725164,entertainment,
1255420556607834,promotional_offer,Raffles are under promotions
1254678183348738,testimonial,
1253170760166147,testimonial,
1252998063516750,testimonial,
1252290580254165,testimonial,
1251815606968329,testimonial,
1251717733644783,testimonial,
1251049987044891,product_showcase,
1250815127068377,testimonial,
1250305653785991,product_showcase,
1250240520459171,testimonial,
1249534883863068,product_showcase,
1248843643932192,testimonial,
1248064184010138,product_showcase,
1248005810682642,unclear,text ambiguous
1247393030743920,product_showcase,
1246704524146104,product_showcase,
1246399664176590,testimonial,
1245887977561092,product_showcase,
1244543964362160,product_showcase,
1244460704370486,promotional_offer,Raffles are under promotions
1243853681097855,promotional_offer,
1243714111111812,testimonial,
1313858094097413,product_showcase,
1313255190824370,product_showcase,
1313007944182428,entertainment,Rule 4
1311558030994086,product_showcase,
1311315537685002,testimonial,
1310708384412384,testimonial,
1310460494437173,product_showcase,
1308972574585965,product_showcase,
1308779607938595,testimonial,Rule 2
1307958588020697,product_showcase,
1307345418082014,product_showcase,
1307102154773007,product_showcase,
1306499798166576,product_showcase,
1305664631583426,testimonial,
1304788971670992,product_showcase,
1303086078507948,testimonial,
1302847105198512,promotional_offer,
1302817991868090,product_showcase,
1302281018588454,product_showcase,
1302251715258051,entertainment,
1301748531975036,unclear,store announcement
1301216182028271,entertainment,
1301149415368281,entertainment,
1299642572185632,product_showcase,
1299597822190107,entertainment,
1298525018964054,testimonial,
1297967695686453,product_showcase,
1297107382439151,product_showcase,
1297007262449163,entertainment,
1296835725799650,testimonial,
1295938142556075,testimonial,
1295335515949671,testimonial,
1295046489311907,testimonial,
1294147239401832,testimonial,
1293532379463318,testimonial,
1293459966137226,testimonial,
1292631532886736,product_showcase,
1291731996310023,testimonial,
1291492339667322,testimonial,
1290746446408578,testimonial,
1267557702060786,promotional_offer,Rule 1
1267570952059461,testimonial,
1268071785342711,testimonial,
1268895341927022,testimonial,
1268955815254308,testimonial,
1269456618537561,testimonial,
1269682411848315,product_showcase,
1270405178442705,testimonial,
1270468595103030,testimonial,
1271263625023527,product_showcase,
1271785894971300,testimonial,
1271930488290174,entertainment,
1272044118278811,product_showcase,
1272568744893015,testimonial,
1272827018200521,product_showcase,
1273430298140193,testimonial,
1274131621403394,testimonial,
1274190751397481,product_showcase,
1274845871331969,testimonial,
1274938497989373,product_showcase,
1275419864607903,testimonial,
1275658214584068,product_showcase,
1276423191174237,product_showcase,
1276976514452238,testimonial,
1277914794358410,product_showcase,
1277977651018791,testimonial,
1279223737560849,testimonial,
1281038140712742,product_showcase,
1281612657321957,testimonial,
1281819597301263,entertainment,Rule 4
1282638960552660,testimonial,
1283373070479249,testimonial,
1283449247138298,product_showcase,
1284355393714350,testimonial,Rule 2
1284978363652053,testimonial,
1285207880295768,product_showcase,
1285825093567380,testimonial,
1286057076877515,testimonial,
1286868403463049,testimonial,
1286978193452070,product_showcase,
1287708973378992,testimonial,
1287779360038620,product_showcase,
1289202969896259,testimonial,
1289985346484688,testimonial,
1266175298865693,testimonial,
1220395006777056,testimonial,
1242993727850517,testimonial,
1241634391319784,testimonial,
1241592801323943,entertainment,
1241390114677545,entertainment,Rule 4
1240836641399559,product_showcase,
1240145294802027,testimonial,
1240078464808710,unclear,empty caption
1239872494829307,testimonial,
1239343354882221,product_showcase,
1239278824888674,testimonial,
1238334268316463,testimonial,Rule 2
1237793248370565,entertainment,
1237036015112955,product_showcase,
1236821291801094,product_showcase,
1236200958529794,testimonial,
1236148818535008,promotional_offer,Rule 1
1235482301934993,entertainment,
1234934321989791,promotional_offer,
1235181625298394,promotional_offer,
1233109015505655,product_showcase,
1232910278858862,product_showcase,
1232429742240249,product_showcase,
1230830255733531,product_showcase,
1230767505739806,entertainment,
1230678452415378,entertainment,
1230084299141460,product_showcase,
1230016865814870,entertainment,
1229707109179179,testimonial,Rule 2
1229311459218744,product_showcase,
1229195535897003,product_showcase,
1228453155971241,product_showcase,
1228159566000600,product_showcase,
1227669612716262,product_showcase,
1227406842742539,product_showcase,
1226632902819933,unclear,bare emoji
1225910122892211,product_showcase,
1225868896229667,product_showcase,
1224903992992824,entertainment,Rule 4
1224042166412340,entertainment,
1223085653174658,entertainment,
1222301869919703,entertainment,Rule 4
