"Reporting starts","Reporting ends","Ad name","Ad delivery","Ad set name","Bid","Bid type","Ad set budget","Ad set budget type","Last significant edit","Attribution setting","Results","Result indicator","Reach","Impressions","Cost per results","Quality ranking","Engagement rate ranking","Conversion rate ranking","Amount spent (PHP)","Ends","Total messaging contacts","New messaging contacts","Purchases","Cost per purchase (PHP)","Purchases conversion value","Purchase ROAS (return on ad spend)","Cost per new messaging contact (PHP)","Messaging conversations started","Cost per messaging conversation started (PHP)","Orders created","Orders shipped","Link clicks"
"2025-05-01","2025-05-31","R5 5600G 8 MID PARANAQUE OK G","active","ALL REELS SHOP","0","ABSOLUTE_OCPM","Using campaign budget","0","0","7-day click or 1-day view","592","actions:onsite_conversion.messaging_conversation_started_7d","15296","37133","10.84533784","Above average","Above average","Above average","6420.44","2026-12-31","592","434","1","6420.44","","","14.793641","592","10.845338","","","576"
"2025-05-01","2025-05-31","RYZEN 5 PINK OK G","active","ALL REELS PC SET","0","ABSOLUTE_OCPM","Using campaign budget","0","0","7-day click or 1-day view","618","actions:onsite_conversion.messaging_conversation_started_7d","19519","34598","6.92326861","Above average","Above average","Above average","4278.58","2026-12-31","618","412","9","475.397778","","","10.384903","618","6.923269","","","1005"
"2025-05-01","2025-05-31","6 trad san mateo (winning) OK G","active","ALL REELS SHOP","0","ABSOLUTE_OCPM","Using campaign budget","0","0","7-day click or 1-day view","184","actions:onsite_conversion.messaging_conversation_started_7d","12628","20936","23.34706522","Average","Above average","Average","4295.86","2026-12-31","184","80","2","2147.93","","","53.69825","184","23.347065","","","561"
"2025-05-01","2025-05-31","RYZEN 5 5600G 8PCS north cal OK G","active","ALL REELS SHOP","0","ABSOLUTE_OCPM","Using campaign budget","0","0","7-day click or 1-day view","529","actions:onsite_conversion.messaging_conversation_started_7d","20755","39216","9.33928166","Above average","Above average","Above average","4940.48","2026-12-31","529","421","41","120.499512","","","11.735107","529","9.339282","","","806"
"2025-05-01","2025-05-31","PC SET COMSHOP PACKAGE","active","PC SET AND COMSHOP 25 26","0","ABSOLUTE_OCPM","Using campaign budget","0","0","7-day click or 1-day view","130","actions:onsite_conversion.messaging_conversation_started_7d","10992","22902","33.02576923","Average","Above average","Average","4293.35","2026-12-31","130","84","1","4293.35","","","51.11131","130","33.025769","","","553"
"2025-05-01","2025-05-31","r5 5600g 10+1+1 norzagaray OK G","active","ALL REELS SHOP","0","ABSOLUTE_OCPM","Using campaign budget","0","0","7-day click or 1-day view","284","actions:onsite_conversion.messaging_conversation_started_7d","10016","17915","12.44017606","Above average","Above average","Average","3533.01","2026-12-31","284","175","","","","","20.188629","284","12.440176","","","406"
"2025-05-01","2025-05-31","r5 3400g 8+1 gaya gaya OK G","active","ALL REELS SHOP","0","ABSOLUTE_OCPM","Using campaign budget","0","0","7-day click or 1-day view","50","actions:onsite_conversion.messaging_conversation_started_7d","9779","14549","47.4728","Average","Average","Average","2373.64","2026-12-31","50","33","1","2373.64","","","71.928485","50","47.4728","","","558"
"2025-05-01","2025-05-31","THE RYZEN 9 3900X OK G","active","ALL REELS PC SET","0","ABSOLUTE_OCPM","Using campaign budget","0","0","7-day click or 1-day view","117","actions:onsite_conversion.messaging_conversation_started_7d","6419","13225","21.91247863","Average","Above average","Average","2563.76","2026-12-31","117","64","2","1281.88","","","40.05875","117","21.912479","","","219"
"2025-05-01","2025-05-31","COMSHOP PACKAGE OK G","active","PC SET AND COMSHOP 25 26","0","ABSOLUTE_OCPM","Using campaign budget","0","0","7-day click or 1-day view","178","actions:onsite_conversion.messaging_conversation_started_7d","8738","16306","12.57831461","Above average","Above average","Average","2238.94","2026-12-31","178","115","2","1119.47","","","19.469043","178","12.578315","","","353"
"2025-05-01","2025-05-31","r5 5700x rtx4060 y68 white OK","active","ALL REELS PC SET","0","ABSOLUTE_OCPM","Using campaign budget","0","0","7-day click or 1-day view","38","actions:onsite_conversion.messaging_conversation_started_7d","2018","3239","23.82131579","Average","Above average","Average","905.21","2026-12-31","38","30","1","905.21","","","30.173667","38","23.821316","","","114"
"2025-05-01","2025-05-31","RYZEN 7 5700X 4060 ROBIN OK G","active","ALL REELS PC SET","0","ABSOLUTE_OCPM","Using campaign budget","0","0","7-day click or 1-day view","62","actions:onsite_conversion.messaging_conversation_started_7d","3375","5888","23.03241935","Average","Above average","Average","1428.01","2026-12-31","62","35","","","","","40.800286","62","23.032419","","","141"
"2025-05-01","2025-05-31","R5 5600G POSEIDON OK G","active","ALL REELS PC SET","0","ABSOLUTE_OCPM","Using campaign budget","0","0","7-day click or 1-day view","22","actions:onsite_conversion.messaging_conversation_started_7d","2128","3878","29.75863636","Average","Above average","Average","654.69","2026-12-31","22","11","","","","","59.517273","22","29.758636","","","124"
"2025-05-01","2025-05-31","R5 5600G 4 MID HIGHLIGHTS OK G","active","ALL REELS SHOP","0","ABSOLUTE_OCPM","Using campaign budget","0","0","7-day click or 1-day view","72","actions:onsite_conversion.messaging_conversation_started_7d","3376","6609","14.13361111","Above average","Above average","Average","1017.62","2026-12-31","72","47","1","1017.62","","","21.651489","72","14.133611","","","87"
"2025-05-01","2025-05-31","R7 5700X 4060 Y68 OK G","active","ALL REELS PC SET","0","ABSOLUTE_OCPM","Using campaign budget","0","0","7-day click or 1-day view","56","actions:onsite_conversion.messaging_conversation_started_7d","2112","3698","13.07928571","Above average","Above average","Average","732.44","2026-12-31","56","42","","","","","17.439048","56","13.079286","","","119"
"2025-05-01","2025-05-31","R7 NEW PINK OK G","active","ALL REELS PC SET","0","ABSOLUTE_OCPM","Using campaign budget","0","0","7-day click or 1-day view","76","actions:onsite_conversion.messaging_conversation_started_7d","2795","6127","8.97986842","Above average","Above average","Above average","682.47","2026-12-31","76","57","3","227.49","","","11.973158","76","8.979868","","","114"
"2025-05-01","2025-05-31","THE RYZEN 9 3900X","active","ALL REELS PC SET","0","ABSOLUTE_OCPM","Using campaign budget","0","0","7-day click or 1-day view","67","actions:onsite_conversion.messaging_conversation_started_7d","3206","7431","15.20119403","Above average","Above average","Average","1018.48","2026-12-31","67","61","1","1018.48","","","16.696393","67","15.201194","","","105"
"2025-05-01","2025-05-31","RYZEN 5 5600G 10+1 tattoo OK G","active","ALL REELS SHOP","0","ABSOLUTE_OCPM","Using campaign budget","0","0","7-day click or 1-day view","19","actions:onsite_conversion.messaging_conversation_started_7d","1474","3065","18.63631579","Above average","Above average","Average","354.09","2026-12-31","19","14","1","354.09","","","25.292143","19","18.636316","","","84"
"2025-05-01","2025-05-31","r5 5600g 15+1+1 sta mesa OK G","active","ALL REELS SHOP","0","ABSOLUTE_OCPM","Using campaign budget","0","0","7-day click or 1-day view","12","actions:onsite_conversion.messaging_conversation_started_7d","565","1158","20.1725","Average","Above average","Average","242.07","2026-12-31","12","9","","","","","26.896667","12","20.1725","","","36"
"2025-05-01","2025-05-31","r5 5600g 8+1 paranaque OK G","active","ALL REELS SHOP","0","ABSOLUTE_OCPM","Using campaign budget","0","0","7-day click or 1-day view","14","actions:onsite_conversion.messaging_conversation_started_7d","464","1059","13.26571429","Above average","Above average","Average","185.72","2026-12-31","14","9","1","185.72","","","20.635556","14","13.265714","","","20"
"2025-05-01","2025-05-31","r7 5700g 10+1 tanza OK G","active","ALL REELS SHOP","0","ABSOLUTE_OCPM","Using campaign budget","0","0","7-day click or 1-day view","14","actions:onsite_conversion.messaging_conversation_started_7d","696","1507","13.06142857","Above average","Above average","Average","182.86","2026-12-31","14","8","","","","","22.8575","14","13.061429","","","14"
"2025-05-01","2025-05-31","r5 5500 rx580 novaliches qc OK G","active","ALL REELS SHOP","0","ABSOLUTE_OCPM","Using campaign budget","0","0","7-day click or 1-day view","4","actions:onsite_conversion.messaging_conversation_started_7d","545","956","60.2475","Average","Average","Average","240.99","2026-12-31","4","2","","","","","120.495","4","60.2475","","","19"
"2025-05-01","2025-05-31","DAN TRES G","active","AWARENESS VIDEO - VLOG|UPDATES|COMSHOP","0","ABSOLUTE_OCPM","Using campaign budget","0","0","7-day click or 1-day view","72162","reach","72162","81697","0.00980682","Average","-","-","707.68","2026-12-31","3","2","","","","","","3","235.893333","","","52"
"2025-05-01","2025-05-31","LOOKING COMSHOP PACKAGE G MID G","active","AWARENESS VIDEO - VLOG|UPDATES|COMSHOP","0","ABSOLUTE_OCPM","Using campaign budget","0","0","7-day click or 1-day view","360229","reach","360229","409399","0.00871429","Average","-","-","3139.14","2026-12-31","18","15","","","","","","18","174.396667","","","487"
"2025-05-01","2025-05-31","Update Raffle","active","AWARENESS VIDEO - VLOG|UPDATES|COMSHOP","0","ABSOLUTE_OCPM","Using campaign budget","0","0","7-day click or 1-day view","98285","reach","98285","111337","0.00804294","Average","-","-","790.5","2026-12-31","1","","","","","","","1","790.5","","","123"
